{"cameraMode":{"drawMode":0,"name":"Shaded","section":"Shading Mode"},"sceneLighting":true,"audioPlay":false,"sceneViewState":{"showFog":true,"showMaterialUpdate":false,"showSkybox":true,"showFlares":true,"showImageEffects":true,"showParticleSystems":true},"in2DMode":false,"pivot":{"x":0.14265857636928559,"y":1.500667929649353,"z":0.0349130779504776},"rotation":{"x":-0.06797508150339127,"y":0.9124106764793396,"z":-0.36643582582473757,"w":-0.16922275722026826},"size":0.21855217218399049,"orthographic":false}