{"cameraMode":{"drawMode":0,"name":"Shaded","section":"Shading Mode"},"sceneLighting":false,"audioPlay":false,"sceneViewState":{"showFog":true,"showMaterialUpdate":false,"showSkybox":false,"showFlares":true,"showImageEffects":true,"showParticleSystems":true},"in2DMode":false,"pivot":{"x":0.23931929469108582,"y":-1.0670323371887208,"z":1.4336382150650025},"rotation":{"x":0.3550730347633362,"y":0.06443052738904953,"z":-0.024538984522223474,"w":0.932293176651001},"size":2.36441707611084,"orthographic":false}