{"cameraMode":{"drawMode":0,"name":"Shaded","section":"Shading Mode"},"sceneLighting":false,"audioPlay":false,"sceneViewState":{"showFog":true,"showMaterialUpdate":false,"showSkybox":false,"showFlares":true,"showImageEffects":true,"showParticleSystems":true},"in2DMode":false,"pivot":{"x":-0.16532784700393678,"y":0.3416725695133209,"z":0.009854704141616822},"rotation":{"x":0.15950927138328553,"y":-0.5966341495513916,"z":0.12249810248613358,"w":0.7769058346748352},"size":2.096196413040161,"orthographic":false}