{"cameraMode":{"drawMode":0,"name":"Shaded","section":"Shading Mode"},"sceneLighting":false,"audioPlay":false,"sceneViewState":{"showFog":true,"showMaterialUpdate":false,"showSkybox":false,"showFlares":true,"showImageEffects":true,"showParticleSystems":true},"in2DMode":false,"pivot":{"x":-0.03353244438767433,"y":-0.02565769851207733,"z":-0.001117423176765442},"rotation":{"x":0.23261238634586335,"y":0.045441050082445148,"z":-0.010779797099530697,"w":0.9715325236320496},"size":0.803646445274353,"orthographic":false}