{"cameraMode":{"drawMode":0,"name":"Shaded","section":"Shading Mode"},"sceneLighting":false,"audioPlay":false,"sceneViewState":{"showFog":true,"showMaterialUpdate":false,"showSkybox":false,"showFlares":true,"showImageEffects":true,"showParticleSystems":true},"in2DMode":false,"pivot":{"x":0.6000000238418579,"y":0.9249999523162842,"z":0.0},"rotation":{"x":-0.03449273854494095,"y":0.9507430195808411,"z":-0.11463794857263565,"w":-0.285995751619339},"size":0.6228614449501038,"orthographic":false}